riskId,affected_activity,mean_simulated,sd_simulated,var_simulated,mean_total_simulated,sd_total_simulated,var_total_simulated,impact
R1,"1,2",133.82144007395814,22.52009433914769,507.1546490441118,438.8214400739581,22.52009433914769,507.15464904411186,101.82144007395812
R2,2,63.193192118878514,2.8883065412416546,8.34231467617933,368.1931921188785,2.888306541241654,8.342314676179328,31.193192118878528
R4,3.2,50.67583807256065,1.9707676509266834,3.8839251339390777,355.6758380725607,1.9707676509266785,3.883925133939058,18.67583807256068
R3,"3.3,3.4,4",48.412744418759445,4.763064926576208,22.68678749478041,353.4127444187594,4.763064926576201,22.68678749478035,16.412744418759416
R5,"3.9,4",39.95652045560259,2.276157256248979,5.180891855174879,344.95652045560263,2.27615725624898,5.180891855174885,7.956520455602629
