activityId,riskId,originalDuration,mean_simulated_divident,mean_simulated,sd_simulated,var_simulated,mean_total_simulated,sd_total_simulated,var_total_simulated
1,R1,10,1.4001865836683052,14.001865836683054,0.908839469349379,0.8259891810472607,143.00186583668304,0.9088394693493774,0.8259891810472579
4,R2,30,1.246058546303037,37.38175638909111,1.8726358606805569,3.5067650667068104,146.38175638909112,1.8726358606805589,3.5067650667068175
4,R3,30,1.0289338836178374,30.868016508535124,0.35080637624889505,0.1230651136168813,139.86801650853513,0.35080637624889355,0.12306511361688025
5,R5,10,1.5112197438486068,15.112197438486069,0.6408676255532254,0.4107113134822291,144.11219743848608,0.6408676255532268,0.410711313482231
6,R2,20,1.3728822042886462,27.457644085772923,1.9398778585767769,3.763126106196421,146.45764408577293,1.9398778585767777,3.763126106196425
6,R4,20,1.4678412548079292,29.35682509615858,0.7195288505497451,0.5177217667734375,148.35682509615856,0.7195288505497459,0.5177217667734386
7,R3,20,1.0422773250062174,20.845546500124346,0.33397245673934056,0.11153760186051069,139.84554650012436,0.3339724567393444,0.11153760186051324
8,R2,6,2.2406089529740965,13.44365371784458,1.9460324542453376,3.7870423129761317,146.44365371784457,1.9460324542453316,3.787042312976108
8,R3,6,1.1425682824073755,6.855409694444254,0.359873931323445,0.1295092464461916,139.85540969444423,0.359873931323446,0.1295092464461923
