activityId,riskId,originalDuration,mean_simulated_divident,mean_simulated,sd_simulated,var_simulated,mean_total_simulated,sd_total_simulated,var_total_simulated
1,R1,10,1.3997720608800044,13.997720608800044,0.9153560727775527,0.8378767399707444,142.99772060880005,0.9153560727775463,0.8378767399707325
4,R3,30,1.0280896620044753,30.842689860134254,0.3532430466146268,0.12478064998158339,139.84268986013427,0.35324304661462713,0.12478064998158366
5,R5,10,1.5167538371142777,15.167538371142777,0.6410724748370513,0.4109739179937018,144.1675383711428,0.641072474837053,0.410973917993704
6,R2,20,1.3750112153529361,27.500224307058726,1.9764270065784162,3.906263712332519,146.50022430705872,1.9764270065784173,3.906263712332523
6,R4,20,1.4652150769700578,29.30430153940116,0.6975819336474921,0.4866205541513741,148.30430153940117,0.6975819336474929,0.48662055415137523
7,R3,20,1.0428432958208125,20.85686591641625,0.3362425352501659,0.11305904251145907,139.85686591641624,0.3362425352501711,0.11305904251146258
