activityId,riskId,originalDuration,mean_simulated_divident,mean_simulated,sd_simulated,var_simulated,mean_total_simulated,sd_total_simulated,var_total_simulated
1,R1,10,1.4036954549061973,14.03695454906197,0.8801701167249988,0.774699434375698,143.036954549062,0.8801701167249953,0.774699434375692
4,R2,30,1.2488117114644073,37.46435134393222,1.877884096490178,3.5264486798507324,146.4643513439322,1.8778840964901795,3.5264486798507377
4,R3,30,1.0289658671595425,30.86897601478628,0.34809477509063447,0.12116997244539941,139.86897601478628,0.3480947750906302,0.12116997244539641
5,R5,10,1.514651277253393,15.146512772533931,0.6481242093807112,0.420064990785372,144.14651277253392,0.6481242093807117,0.4200649907853726
6,R2,20,1.3768451529752141,27.536903059504283,1.9935462127545696,3.974226502388088,146.53690305950428,1.9935462127545736,3.974226502388104
6,R4,20,1.4681118710058585,29.36223742011717,0.7152674426731881,0.5116075145482424,148.36223742011717,0.7152674426731901,0.5116075145482453
7,R3,20,1.042432872395002,20.84865744790004,0.35166515174050333,0.12366837894867125,139.84865744790005,0.35166515174050517,0.12366837894867251
8,R2,6,2.2303046407750764,13.381827844650457,1.871479865444832,3.502436886765406,146.38182784465045,1.8714798654448306,3.502436886765401
8,R3,6,1.1396715136036473,6.838029081621884,0.34919258274605003,0.121935459844857,139.83802908162187,0.34919258274604825,0.12193545984485576
