activityId,riskIds,originalDuration,mean_simulated
1,R1,10,14.03695454906197
4,"R2,R3",30,38.549538768179005
5,R5,10,15.146512772533931
6,"R2,R4",20,40.42725427239578
7,R3,20,20.84865744790004
8,"R2,R3",6,15.250887994496221
