activityId,riskIds,originalDuration,mean_simulated
1,R1,10,13.997720608800044
4,R3,30,30.84268986013425
5,R5,10,15.167538371142777
6,"R2,R4",20,40.293743274760914
7,R3,20,20.85686591641625
